init_time,test_name
0.546032,rust-wasmedge-user-manager-socket
0.483242,rust-wasmedge-user-manager-socket
0.578052,rust-wasmedge-user-manager-socket
0.504900,rust-wasmedge-user-manager-socket
0.494484,rust-wasmedge-user-manager-socket
0.490812,rust-wasmedge-user-manager-socket
0.470536,rust-wasmedge-user-manager-socket
0.474247,rust-wasmedge-user-manager-socket
0.488139,rust-wasmedge-user-manager-socket
0.606999,rust-wasmedge-user-manager-socket
0.493486,rust-wasmedge-user-manager-socket
0.478249,rust-wasmedge-user-manager-socket
0.495822,rust-wasmedge-user-manager-socket
0.492271,rust-wasmedge-user-manager-socket
0.474616,rust-wasmedge-user-manager-socket
0.466179,rust-wasmedge-user-manager-socket
0.466970,rust-wasmedge-user-manager-socket
0.517404,rust-wasmedge-user-manager-socket
0.475192,rust-wasmedge-user-manager-socket
0.482037,rust-wasmedge-user-manager-socket
0.463549,rust-wasmedge-user-manager-socket
0.490022,rust-wasmedge-user-manager-socket
0.476434,rust-wasmedge-user-manager-socket
0.483000,rust-wasmedge-user-manager-socket
0.473844,rust-wasmedge-user-manager-socket
0.498782,rust-wasmedge-user-manager-socket
0.493697,rust-wasmedge-user-manager-socket
0.493492,rust-wasmedge-user-manager-socket
0.481844,rust-wasmedge-user-manager-socket
0.522530,rust-wasmedge-user-manager-socket
0.512358,rust-wasmedge-user-manager-socket
0.490451,rust-wasmedge-user-manager-socket
0.493725,rust-wasmedge-user-manager-socket
0.472867,rust-wasmedge-user-manager-socket
0.466989,rust-wasmedge-user-manager-socket
0.490556,rust-wasmedge-user-manager-socket
0.470724,rust-wasmedge-user-manager-socket
0.484253,rust-wasmedge-user-manager-socket
0.485904,rust-wasmedge-user-manager-socket
0.482643,rust-wasmedge-user-manager-socket
0.477364,rust-wasmedge-user-manager-socket
0.485663,rust-wasmedge-user-manager-socket
0.473902,rust-wasmedge-user-manager-socket
0.495059,rust-wasmedge-user-manager-socket
0.493081,rust-wasmedge-user-manager-socket
0.496260,rust-wasmedge-user-manager-socket
0.503643,rust-wasmedge-user-manager-socket
0.497356,rust-wasmedge-user-manager-socket
0.482882,rust-wasmedge-user-manager-socket
0.494586,rust-wasmedge-user-manager-socket
0.473626,rust-wasmedge-user-manager-socket
0.484689,rust-wasmedge-user-manager-socket
0.477777,rust-wasmedge-user-manager-socket
0.481937,rust-wasmedge-user-manager-socket
0.450184,rust-wasmedge-user-manager-socket
0.495875,rust-wasmedge-user-manager-socket
0.480206,rust-wasmedge-user-manager-socket
0.490990,rust-wasmedge-user-manager-socket
0.496897,rust-wasmedge-user-manager-socket
0.501364,rust-wasmedge-user-manager-socket
0.507251,rust-wasmedge-user-manager-socket
0.483730,rust-wasmedge-user-manager-socket
0.477496,rust-wasmedge-user-manager-socket
0.476293,rust-wasmedge-user-manager-socket
0.488920,rust-wasmedge-user-manager-socket
0.483574,rust-wasmedge-user-manager-socket
0.505084,rust-wasmedge-user-manager-socket
0.506676,rust-wasmedge-user-manager-socket
0.485621,rust-wasmedge-user-manager-socket
0.475094,rust-wasmedge-user-manager-socket
0.484093,rust-wasmedge-user-manager-socket
0.483370,rust-wasmedge-user-manager-socket
0.484914,rust-wasmedge-user-manager-socket
0.511744,rust-wasmedge-user-manager-socket
0.524996,rust-wasmedge-user-manager-socket
0.507095,rust-wasmedge-user-manager-socket
0.467645,rust-wasmedge-user-manager-socket
0.493621,rust-wasmedge-user-manager-socket
0.485143,rust-wasmedge-user-manager-socket
0.473898,rust-wasmedge-user-manager-socket
0.470479,rust-wasmedge-user-manager-socket
0.493802,rust-wasmedge-user-manager-socket
0.472331,rust-wasmedge-user-manager-socket
0.511014,rust-wasmedge-user-manager-socket
0.464123,rust-wasmedge-user-manager-socket
0.500420,rust-wasmedge-user-manager-socket
0.473193,rust-wasmedge-user-manager-socket
0.555766,rust-wasmedge-user-manager-socket
0.485016,rust-wasmedge-user-manager-socket
0.483652,rust-wasmedge-user-manager-socket
0.486613,rust-wasmedge-user-manager-socket
0.479498,rust-wasmedge-user-manager-socket
0.478347,rust-wasmedge-user-manager-socket
0.494236,rust-wasmedge-user-manager-socket
0.478882,rust-wasmedge-user-manager-socket
0.520490,rust-wasmedge-user-manager-socket
0.467685,rust-wasmedge-user-manager-socket
0.478392,rust-wasmedge-user-manager-socket
0.491502,rust-wasmedge-user-manager-socket
0.572359,rust-wasmedge-user-manager-socket
0.487554,rust-wasmedge-user-manager-socket
0.461696,rust-wasmedge-user-manager-socket
0.493110,rust-wasmedge-prime-numbers
0.496607,rust-wasmedge-prime-numbers
0.520907,rust-wasmedge-prime-numbers
0.542023,rust-wasmedge-prime-numbers
0.536258,rust-wasmedge-prime-numbers
0.543727,rust-wasmedge-prime-numbers
0.512485,rust-wasmedge-prime-numbers
0.527546,rust-wasmedge-prime-numbers
0.560431,rust-wasmedge-prime-numbers
0.552474,rust-wasmedge-prime-numbers
0.504387,rust-wasmedge-prime-numbers
0.497760,rust-wasmedge-prime-numbers
0.515052,rust-wasmedge-prime-numbers
0.591701,rust-wasmedge-prime-numbers
0.542726,rust-wasmedge-prime-numbers
0.557160,rust-wasmedge-prime-numbers
0.517579,rust-wasmedge-prime-numbers
0.516073,rust-wasmedge-prime-numbers
0.528115,rust-wasmedge-prime-numbers
0.470567,rust-wasmedge-prime-numbers
0.491017,rust-wasmedge-prime-numbers
0.499071,rust-wasmedge-prime-numbers
0.507746,rust-wasmedge-prime-numbers
0.530913,rust-wasmedge-prime-numbers
0.533850,rust-wasmedge-prime-numbers
0.501972,rust-wasmedge-prime-numbers
0.525444,rust-wasmedge-prime-numbers
0.589133,rust-wasmedge-prime-numbers
0.534134,rust-wasmedge-prime-numbers
0.525768,rust-wasmedge-prime-numbers
0.545097,rust-wasmedge-prime-numbers
0.518217,rust-wasmedge-prime-numbers
0.532920,rust-wasmedge-prime-numbers
0.569310,rust-wasmedge-prime-numbers
0.549829,rust-wasmedge-prime-numbers
0.605807,rust-wasmedge-prime-numbers
0.569395,rust-wasmedge-prime-numbers
0.566429,rust-wasmedge-prime-numbers
0.508582,rust-wasmedge-prime-numbers
0.485421,rust-wasmedge-prime-numbers
0.529001,rust-wasmedge-prime-numbers
0.489815,rust-wasmedge-prime-numbers
0.514708,rust-wasmedge-prime-numbers
0.516813,rust-wasmedge-prime-numbers
0.489906,rust-wasmedge-prime-numbers
0.540939,rust-wasmedge-prime-numbers
0.497405,rust-wasmedge-prime-numbers
0.521465,rust-wasmedge-prime-numbers
0.504229,rust-wasmedge-prime-numbers
0.484047,rust-wasmedge-prime-numbers
0.532959,rust-wasmedge-prime-numbers
0.551944,rust-wasmedge-prime-numbers
0.554744,rust-wasmedge-prime-numbers
0.501164,rust-wasmedge-prime-numbers
0.502890,rust-wasmedge-prime-numbers
0.479560,rust-wasmedge-prime-numbers
0.510955,rust-wasmedge-prime-numbers
0.537346,rust-wasmedge-prime-numbers
0.489974,rust-wasmedge-prime-numbers
0.529510,rust-wasmedge-prime-numbers
0.501713,rust-wasmedge-prime-numbers
0.570453,rust-wasmedge-prime-numbers
0.567319,rust-wasmedge-prime-numbers
0.513833,rust-wasmedge-prime-numbers
0.497584,rust-wasmedge-prime-numbers
0.560663,rust-wasmedge-prime-numbers
0.530496,rust-wasmedge-prime-numbers
0.560685,rust-wasmedge-prime-numbers
0.588071,rust-wasmedge-prime-numbers
0.494459,rust-wasmedge-prime-numbers
0.576336,rust-wasmedge-prime-numbers
0.530557,rust-wasmedge-prime-numbers
0.559114,rust-wasmedge-prime-numbers
0.497861,rust-wasmedge-prime-numbers
0.480230,rust-wasmedge-prime-numbers
0.511008,rust-wasmedge-prime-numbers
0.497297,rust-wasmedge-prime-numbers
0.561234,rust-wasmedge-prime-numbers
0.503513,rust-wasmedge-prime-numbers
0.514565,rust-wasmedge-prime-numbers
0.539033,rust-wasmedge-prime-numbers
0.575228,rust-wasmedge-prime-numbers
0.509732,rust-wasmedge-prime-numbers
0.552417,rust-wasmedge-prime-numbers
0.506305,rust-wasmedge-prime-numbers
0.498444,rust-wasmedge-prime-numbers
0.543291,rust-wasmedge-prime-numbers
0.521373,rust-wasmedge-prime-numbers
0.566545,rust-wasmedge-prime-numbers
0.563277,rust-wasmedge-prime-numbers
0.516900,rust-wasmedge-prime-numbers
0.521008,rust-wasmedge-prime-numbers
0.564429,rust-wasmedge-prime-numbers
0.613971,rust-wasmedge-prime-numbers
0.517375,rust-wasmedge-prime-numbers
0.514005,rust-wasmedge-prime-numbers
0.522429,rust-wasmedge-prime-numbers
0.647041,rust-wasmedge-prime-numbers
0.541545,rust-wasmedge-prime-numbers
0.529340,rust-wasmedge-prime-numbers
0.495619,rust-wasmedge-fuzzysearch-http
0.512875,rust-wasmedge-fuzzysearch-http
0.487574,rust-wasmedge-fuzzysearch-http
0.504506,rust-wasmedge-fuzzysearch-http
0.494143,rust-wasmedge-fuzzysearch-http
0.475277,rust-wasmedge-fuzzysearch-http
0.499183,rust-wasmedge-fuzzysearch-http
0.504271,rust-wasmedge-fuzzysearch-http
0.543841,rust-wasmedge-fuzzysearch-http
0.473576,rust-wasmedge-fuzzysearch-http
0.489934,rust-wasmedge-fuzzysearch-http
0.564642,rust-wasmedge-fuzzysearch-http
0.573898,rust-wasmedge-fuzzysearch-http
0.492420,rust-wasmedge-fuzzysearch-http
0.502138,rust-wasmedge-fuzzysearch-http
0.506631,rust-wasmedge-fuzzysearch-http
0.515398,rust-wasmedge-fuzzysearch-http
0.503190,rust-wasmedge-fuzzysearch-http
0.477815,rust-wasmedge-fuzzysearch-http
0.514745,rust-wasmedge-fuzzysearch-http
0.493912,rust-wasmedge-fuzzysearch-http
0.459936,rust-wasmedge-fuzzysearch-http
0.472904,rust-wasmedge-fuzzysearch-http
0.504828,rust-wasmedge-fuzzysearch-http
0.496569,rust-wasmedge-fuzzysearch-http
0.505341,rust-wasmedge-fuzzysearch-http
0.490044,rust-wasmedge-fuzzysearch-http
0.477458,rust-wasmedge-fuzzysearch-http
0.486819,rust-wasmedge-fuzzysearch-http
0.492930,rust-wasmedge-fuzzysearch-http
0.477410,rust-wasmedge-fuzzysearch-http
0.470797,rust-wasmedge-fuzzysearch-http
0.540803,rust-wasmedge-fuzzysearch-http
0.491725,rust-wasmedge-fuzzysearch-http
0.525623,rust-wasmedge-fuzzysearch-http
0.478350,rust-wasmedge-fuzzysearch-http
0.495619,rust-wasmedge-fuzzysearch-http
0.498337,rust-wasmedge-fuzzysearch-http
0.545913,rust-wasmedge-fuzzysearch-http
0.494946,rust-wasmedge-fuzzysearch-http
0.566560,rust-wasmedge-fuzzysearch-http
0.508766,rust-wasmedge-fuzzysearch-http
0.467590,rust-wasmedge-fuzzysearch-http
0.517269,rust-wasmedge-fuzzysearch-http
0.507483,rust-wasmedge-fuzzysearch-http
0.497048,rust-wasmedge-fuzzysearch-http
0.465393,rust-wasmedge-fuzzysearch-http
0.509912,rust-wasmedge-fuzzysearch-http
0.476656,rust-wasmedge-fuzzysearch-http
0.476290,rust-wasmedge-fuzzysearch-http
0.523579,rust-wasmedge-fuzzysearch-http
0.500607,rust-wasmedge-fuzzysearch-http
0.512241,rust-wasmedge-fuzzysearch-http
0.458714,rust-wasmedge-fuzzysearch-http
0.507898,rust-wasmedge-fuzzysearch-http
0.497641,rust-wasmedge-fuzzysearch-http
0.493723,rust-wasmedge-fuzzysearch-http
0.485061,rust-wasmedge-fuzzysearch-http
0.496173,rust-wasmedge-fuzzysearch-http
0.492518,rust-wasmedge-fuzzysearch-http
0.479013,rust-wasmedge-fuzzysearch-http
0.478281,rust-wasmedge-fuzzysearch-http
0.476777,rust-wasmedge-fuzzysearch-http
0.564357,rust-wasmedge-fuzzysearch-http
0.471276,rust-wasmedge-fuzzysearch-http
0.520633,rust-wasmedge-fuzzysearch-http
0.507372,rust-wasmedge-fuzzysearch-http
0.483539,rust-wasmedge-fuzzysearch-http
0.483912,rust-wasmedge-fuzzysearch-http
0.475685,rust-wasmedge-fuzzysearch-http
0.470685,rust-wasmedge-fuzzysearch-http
0.488981,rust-wasmedge-fuzzysearch-http
0.501327,rust-wasmedge-fuzzysearch-http
0.517765,rust-wasmedge-fuzzysearch-http
0.473879,rust-wasmedge-fuzzysearch-http
0.540851,rust-wasmedge-fuzzysearch-http
0.490618,rust-wasmedge-fuzzysearch-http
0.477439,rust-wasmedge-fuzzysearch-http
0.505013,rust-wasmedge-fuzzysearch-http
0.487461,rust-wasmedge-fuzzysearch-http
0.472924,rust-wasmedge-fuzzysearch-http
0.513051,rust-wasmedge-fuzzysearch-http
0.499631,rust-wasmedge-fuzzysearch-http
0.478779,rust-wasmedge-fuzzysearch-http
0.502962,rust-wasmedge-fuzzysearch-http
0.485495,rust-wasmedge-fuzzysearch-http
0.473862,rust-wasmedge-fuzzysearch-http
0.503972,rust-wasmedge-fuzzysearch-http
0.501704,rust-wasmedge-fuzzysearch-http
0.480242,rust-wasmedge-fuzzysearch-http
0.478913,rust-wasmedge-fuzzysearch-http
0.483600,rust-wasmedge-fuzzysearch-http
0.511249,rust-wasmedge-fuzzysearch-http
0.476495,rust-wasmedge-fuzzysearch-http
0.526168,rust-wasmedge-fuzzysearch-http
0.497175,rust-wasmedge-fuzzysearch-http
0.481554,rust-wasmedge-fuzzysearch-http
0.511464,rust-wasmedge-fuzzysearch-http
0.525895,rust-wasmedge-fuzzysearch-http
0.515886,rust-wasmedge-fuzzysearch-http
0.854330,rust-spin-user-manager
0.837820,rust-spin-user-manager
0.822816,rust-spin-user-manager
0.835955,rust-spin-user-manager
0.949792,rust-spin-user-manager
0.841400,rust-spin-user-manager
0.820930,rust-spin-user-manager
0.809500,rust-spin-user-manager
0.830770,rust-spin-user-manager
0.825002,rust-spin-user-manager
0.867695,rust-spin-user-manager
0.845247,rust-spin-user-manager
0.835597,rust-spin-user-manager
0.815752,rust-spin-user-manager
0.807978,rust-spin-user-manager
0.803546,rust-spin-user-manager
0.849191,rust-spin-user-manager
0.809007,rust-spin-user-manager
0.840899,rust-spin-user-manager
0.801605,rust-spin-user-manager
0.817567,rust-spin-user-manager
0.839984,rust-spin-user-manager
0.850877,rust-spin-user-manager
0.817506,rust-spin-user-manager
0.832008,rust-spin-user-manager
0.831709,rust-spin-user-manager
0.834387,rust-spin-user-manager
0.813009,rust-spin-user-manager
0.845049,rust-spin-user-manager
0.789592,rust-spin-user-manager
0.811866,rust-spin-user-manager
0.821933,rust-spin-user-manager
0.830338,rust-spin-user-manager
0.798705,rust-spin-user-manager
0.805323,rust-spin-user-manager
0.810818,rust-spin-user-manager
0.794479,rust-spin-user-manager
0.787587,rust-spin-user-manager
0.831551,rust-spin-user-manager
0.800707,rust-spin-user-manager
0.828919,rust-spin-user-manager
0.872228,rust-spin-user-manager
0.845105,rust-spin-user-manager
0.788217,rust-spin-user-manager
0.784319,rust-spin-user-manager
0.778222,rust-spin-user-manager
0.793925,rust-spin-user-manager
0.820336,rust-spin-user-manager
0.872899,rust-spin-user-manager
0.776207,rust-spin-user-manager
0.826553,rust-spin-user-manager
0.801892,rust-spin-user-manager
0.824408,rust-spin-user-manager
0.834624,rust-spin-user-manager
0.789736,rust-spin-user-manager
0.843090,rust-spin-user-manager
0.831089,rust-spin-user-manager
0.817813,rust-spin-user-manager
0.796520,rust-spin-user-manager
0.813537,rust-spin-user-manager
0.796887,rust-spin-user-manager
0.828104,rust-spin-user-manager
0.819764,rust-spin-user-manager
0.808377,rust-spin-user-manager
0.824436,rust-spin-user-manager
0.819122,rust-spin-user-manager
0.830092,rust-spin-user-manager
0.836842,rust-spin-user-manager
0.821905,rust-spin-user-manager
0.805918,rust-spin-user-manager
0.819932,rust-spin-user-manager
0.814773,rust-spin-user-manager
0.810326,rust-spin-user-manager
0.808062,rust-spin-user-manager
0.782283,rust-spin-user-manager
0.827833,rust-spin-user-manager
0.807332,rust-spin-user-manager
0.815927,rust-spin-user-manager
0.826365,rust-spin-user-manager
0.833139,rust-spin-user-manager
0.818489,rust-spin-user-manager
0.924481,rust-spin-user-manager
0.806571,rust-spin-user-manager
0.865414,rust-spin-user-manager
0.813375,rust-spin-user-manager
0.793121,rust-spin-user-manager
0.837145,rust-spin-user-manager
0.837436,rust-spin-user-manager
0.833734,rust-spin-user-manager
0.817577,rust-spin-user-manager
0.842359,rust-spin-user-manager
0.799360,rust-spin-user-manager
0.834949,rust-spin-user-manager
0.815049,rust-spin-user-manager
0.828624,rust-spin-user-manager
0.842685,rust-spin-user-manager
0.851273,rust-spin-user-manager
0.808883,rust-spin-user-manager
0.846523,rust-spin-user-manager
0.789873,rust-spin-user-manager
0.757217,rust-spin-n-body
0.710080,rust-spin-n-body
0.770914,rust-spin-n-body
0.657938,rust-spin-n-body
0.692952,rust-spin-n-body
0.672330,rust-spin-n-body
0.677972,rust-spin-n-body
0.704745,rust-spin-n-body
0.668497,rust-spin-n-body
0.650317,rust-spin-n-body
0.679093,rust-spin-n-body
0.774435,rust-spin-n-body
0.694212,rust-spin-n-body
0.672369,rust-spin-n-body
0.687414,rust-spin-n-body
0.671472,rust-spin-n-body
0.685583,rust-spin-n-body
0.718062,rust-spin-n-body
0.668461,rust-spin-n-body
0.710462,rust-spin-n-body
0.709902,rust-spin-n-body
0.726702,rust-spin-n-body
0.680430,rust-spin-n-body
0.755081,rust-spin-n-body
0.663175,rust-spin-n-body
0.695705,rust-spin-n-body
0.683139,rust-spin-n-body
0.667287,rust-spin-n-body
0.696481,rust-spin-n-body
0.665887,rust-spin-n-body
0.689064,rust-spin-n-body
0.679724,rust-spin-n-body
0.702342,rust-spin-n-body
0.669953,rust-spin-n-body
0.718905,rust-spin-n-body
0.652703,rust-spin-n-body
0.721163,rust-spin-n-body
0.680210,rust-spin-n-body
0.705225,rust-spin-n-body
0.695923,rust-spin-n-body
0.654897,rust-spin-n-body
0.690847,rust-spin-n-body
0.679789,rust-spin-n-body
0.654726,rust-spin-n-body
0.664171,rust-spin-n-body
0.701910,rust-spin-n-body
0.683730,rust-spin-n-body
0.745557,rust-spin-n-body
0.676100,rust-spin-n-body
0.669595,rust-spin-n-body
0.698945,rust-spin-n-body
0.677109,rust-spin-n-body
0.714720,rust-spin-n-body
0.700141,rust-spin-n-body
0.686058,rust-spin-n-body
0.690859,rust-spin-n-body
0.701278,rust-spin-n-body
0.680011,rust-spin-n-body
0.703877,rust-spin-n-body
0.671601,rust-spin-n-body
0.697229,rust-spin-n-body
0.690601,rust-spin-n-body
0.681100,rust-spin-n-body
0.693362,rust-spin-n-body
0.682119,rust-spin-n-body
0.690131,rust-spin-n-body
0.684691,rust-spin-n-body
0.693334,rust-spin-n-body
0.705726,rust-spin-n-body
0.689050,rust-spin-n-body
0.710774,rust-spin-n-body
0.669387,rust-spin-n-body
0.702569,rust-spin-n-body
0.668534,rust-spin-n-body
0.651765,rust-spin-n-body
0.696302,rust-spin-n-body
0.698257,rust-spin-n-body
0.681610,rust-spin-n-body
0.703552,rust-spin-n-body
0.666124,rust-spin-n-body
0.661911,rust-spin-n-body
0.758474,rust-spin-n-body
0.692452,rust-spin-n-body
0.695809,rust-spin-n-body
0.693761,rust-spin-n-body
0.693102,rust-spin-n-body
0.703106,rust-spin-n-body
0.669020,rust-spin-n-body
0.675845,rust-spin-n-body
0.679244,rust-spin-n-body
0.698735,rust-spin-n-body
0.661041,rust-spin-n-body
0.671317,rust-spin-n-body
0.709409,rust-spin-n-body
0.670839,rust-spin-n-body
0.768185,rust-spin-n-body
0.682709,rust-spin-n-body
0.680930,rust-spin-n-body
0.701198,rust-spin-n-body
0.689088,rust-spin-n-body
0.893060,rust-spin-aes
0.805920,rust-spin-aes
0.889887,rust-spin-aes
0.928790,rust-spin-aes
0.802799,rust-spin-aes
0.813669,rust-spin-aes
0.802710,rust-spin-aes
0.774646,rust-spin-aes
0.780799,rust-spin-aes
0.811034,rust-spin-aes
0.792495,rust-spin-aes
0.821461,rust-spin-aes
0.829330,rust-spin-aes
0.803066,rust-spin-aes
0.811226,rust-spin-aes
0.782110,rust-spin-aes
0.776259,rust-spin-aes
0.813424,rust-spin-aes
0.784430,rust-spin-aes
0.829336,rust-spin-aes
0.775938,rust-spin-aes
0.821418,rust-spin-aes
0.831173,rust-spin-aes
0.803988,rust-spin-aes
0.780154,rust-spin-aes
0.823704,rust-spin-aes
0.779557,rust-spin-aes
0.805182,rust-spin-aes
0.852200,rust-spin-aes
0.811425,rust-spin-aes
0.843605,rust-spin-aes
0.764045,rust-spin-aes
0.804602,rust-spin-aes
0.837939,rust-spin-aes
0.784453,rust-spin-aes
0.774672,rust-spin-aes
0.777362,rust-spin-aes
0.759558,rust-spin-aes
0.794168,rust-spin-aes
0.862453,rust-spin-aes
0.804418,rust-spin-aes
0.781276,rust-spin-aes
0.825421,rust-spin-aes
0.820304,rust-spin-aes
0.845742,rust-spin-aes
0.769711,rust-spin-aes
0.801322,rust-spin-aes
0.806848,rust-spin-aes
0.819137,rust-spin-aes
0.780676,rust-spin-aes
0.820762,rust-spin-aes
0.780998,rust-spin-aes
0.758573,rust-spin-aes
0.813219,rust-spin-aes
0.792771,rust-spin-aes
0.821307,rust-spin-aes
0.766885,rust-spin-aes
0.836601,rust-spin-aes
0.785167,rust-spin-aes
0.759678,rust-spin-aes
0.775130,rust-spin-aes
0.855452,rust-spin-aes
0.795245,rust-spin-aes
0.786375,rust-spin-aes
0.827567,rust-spin-aes
0.784084,rust-spin-aes
0.816369,rust-spin-aes
0.785102,rust-spin-aes
0.804167,rust-spin-aes
0.793839,rust-spin-aes
0.788316,rust-spin-aes
0.778512,rust-spin-aes
0.849961,rust-spin-aes
0.846618,rust-spin-aes
0.873034,rust-spin-aes
0.769268,rust-spin-aes
0.810098,rust-spin-aes
0.775008,rust-spin-aes
0.813664,rust-spin-aes
0.778200,rust-spin-aes
0.814040,rust-spin-aes
0.831203,rust-spin-aes
0.972176,rust-spin-aes
0.780374,rust-spin-aes
0.835006,rust-spin-aes
0.819695,rust-spin-aes
0.852721,rust-spin-aes
0.768182,rust-spin-aes
0.842580,rust-spin-aes
0.780902,rust-spin-aes
0.834937,rust-spin-aes
0.770448,rust-spin-aes
0.785034,rust-spin-aes
0.841416,rust-spin-aes
0.784887,rust-spin-aes
0.780648,rust-spin-aes
0.792061,rust-spin-aes
0.780689,rust-spin-aes
0.827879,rust-spin-aes
0.774278,rust-spin-aes
0.744796,rust-spin-prime-numbers
0.744411,rust-spin-prime-numbers
0.765590,rust-spin-prime-numbers
0.753245,rust-spin-prime-numbers
0.753883,rust-spin-prime-numbers
0.783858,rust-spin-prime-numbers
0.758010,rust-spin-prime-numbers
0.790865,rust-spin-prime-numbers
0.753449,rust-spin-prime-numbers
0.789785,rust-spin-prime-numbers
0.758006,rust-spin-prime-numbers
0.792400,rust-spin-prime-numbers
0.762258,rust-spin-prime-numbers
0.728657,rust-spin-prime-numbers
0.783103,rust-spin-prime-numbers
0.746915,rust-spin-prime-numbers
0.796786,rust-spin-prime-numbers
0.758772,rust-spin-prime-numbers
0.794588,rust-spin-prime-numbers
0.840540,rust-spin-prime-numbers
0.772344,rust-spin-prime-numbers
0.784867,rust-spin-prime-numbers
0.758050,rust-spin-prime-numbers
0.733649,rust-spin-prime-numbers
0.784107,rust-spin-prime-numbers
0.827983,rust-spin-prime-numbers
0.811373,rust-spin-prime-numbers
0.768747,rust-spin-prime-numbers
0.803402,rust-spin-prime-numbers
0.750734,rust-spin-prime-numbers
0.756177,rust-spin-prime-numbers
0.793257,rust-spin-prime-numbers
0.770662,rust-spin-prime-numbers
0.737289,rust-spin-prime-numbers
0.773830,rust-spin-prime-numbers
0.718990,rust-spin-prime-numbers
0.737177,rust-spin-prime-numbers
0.810042,rust-spin-prime-numbers
0.747686,rust-spin-prime-numbers
0.763174,rust-spin-prime-numbers
0.819541,rust-spin-prime-numbers
0.766452,rust-spin-prime-numbers
0.740925,rust-spin-prime-numbers
0.770037,rust-spin-prime-numbers
0.795742,rust-spin-prime-numbers
0.752331,rust-spin-prime-numbers
0.751701,rust-spin-prime-numbers
0.764462,rust-spin-prime-numbers
0.757942,rust-spin-prime-numbers
0.854611,rust-spin-prime-numbers
0.779931,rust-spin-prime-numbers
0.739989,rust-spin-prime-numbers
0.759631,rust-spin-prime-numbers
0.736312,rust-spin-prime-numbers
0.747641,rust-spin-prime-numbers
0.769740,rust-spin-prime-numbers
0.731679,rust-spin-prime-numbers
0.760588,rust-spin-prime-numbers
0.735451,rust-spin-prime-numbers
0.749375,rust-spin-prime-numbers
0.834902,rust-spin-prime-numbers
0.729541,rust-spin-prime-numbers
0.755044,rust-spin-prime-numbers
0.780650,rust-spin-prime-numbers
0.820585,rust-spin-prime-numbers
0.761357,rust-spin-prime-numbers
0.718812,rust-spin-prime-numbers
0.763509,rust-spin-prime-numbers
0.775303,rust-spin-prime-numbers
0.745031,rust-spin-prime-numbers
0.787485,rust-spin-prime-numbers
0.749989,rust-spin-prime-numbers
0.757885,rust-spin-prime-numbers
0.819911,rust-spin-prime-numbers
0.740552,rust-spin-prime-numbers
0.790663,rust-spin-prime-numbers
0.784896,rust-spin-prime-numbers
0.797612,rust-spin-prime-numbers
0.740292,rust-spin-prime-numbers
0.815110,rust-spin-prime-numbers
0.737663,rust-spin-prime-numbers
0.775629,rust-spin-prime-numbers
0.755222,rust-spin-prime-numbers
0.740976,rust-spin-prime-numbers
0.746911,rust-spin-prime-numbers
0.780900,rust-spin-prime-numbers
0.773539,rust-spin-prime-numbers
0.771590,rust-spin-prime-numbers
0.782233,rust-spin-prime-numbers
0.729919,rust-spin-prime-numbers
0.711138,rust-spin-prime-numbers
0.840961,rust-spin-prime-numbers
0.850403,rust-spin-prime-numbers
0.791788,rust-spin-prime-numbers
0.772100,rust-spin-prime-numbers
0.770406,rust-spin-prime-numbers
0.753420,rust-spin-prime-numbers
0.773752,rust-spin-prime-numbers
0.831002,rust-spin-prime-numbers
0.750746,rust-spin-prime-numbers
0.943481,rust-spin-fuzzysearch-http
0.837036,rust-spin-fuzzysearch-http
0.870399,rust-spin-fuzzysearch-http
0.830567,rust-spin-fuzzysearch-http
0.832455,rust-spin-fuzzysearch-http
0.874130,rust-spin-fuzzysearch-http
0.802722,rust-spin-fuzzysearch-http
0.868323,rust-spin-fuzzysearch-http
0.846808,rust-spin-fuzzysearch-http
0.842965,rust-spin-fuzzysearch-http
0.817467,rust-spin-fuzzysearch-http
0.889632,rust-spin-fuzzysearch-http
0.889081,rust-spin-fuzzysearch-http
0.879569,rust-spin-fuzzysearch-http
0.830302,rust-spin-fuzzysearch-http
0.849312,rust-spin-fuzzysearch-http
0.820215,rust-spin-fuzzysearch-http
0.877207,rust-spin-fuzzysearch-http
0.818524,rust-spin-fuzzysearch-http
0.842648,rust-spin-fuzzysearch-http
0.864049,rust-spin-fuzzysearch-http
0.822653,rust-spin-fuzzysearch-http
0.833935,rust-spin-fuzzysearch-http
0.885615,rust-spin-fuzzysearch-http
0.838435,rust-spin-fuzzysearch-http
0.837729,rust-spin-fuzzysearch-http
0.845613,rust-spin-fuzzysearch-http
0.840928,rust-spin-fuzzysearch-http
0.842968,rust-spin-fuzzysearch-http
0.865504,rust-spin-fuzzysearch-http
0.867099,rust-spin-fuzzysearch-http
0.853128,rust-spin-fuzzysearch-http
0.828450,rust-spin-fuzzysearch-http
0.815646,rust-spin-fuzzysearch-http
0.826689,rust-spin-fuzzysearch-http
0.865451,rust-spin-fuzzysearch-http
0.862630,rust-spin-fuzzysearch-http
0.813439,rust-spin-fuzzysearch-http
0.869774,rust-spin-fuzzysearch-http
0.842717,rust-spin-fuzzysearch-http
0.847590,rust-spin-fuzzysearch-http
0.861573,rust-spin-fuzzysearch-http
0.829414,rust-spin-fuzzysearch-http
0.856903,rust-spin-fuzzysearch-http
0.875508,rust-spin-fuzzysearch-http
0.855928,rust-spin-fuzzysearch-http
0.843395,rust-spin-fuzzysearch-http
0.865450,rust-spin-fuzzysearch-http
0.868486,rust-spin-fuzzysearch-http
0.828797,rust-spin-fuzzysearch-http
0.850770,rust-spin-fuzzysearch-http
0.847565,rust-spin-fuzzysearch-http
0.831175,rust-spin-fuzzysearch-http
0.850940,rust-spin-fuzzysearch-http
0.844655,rust-spin-fuzzysearch-http
0.858558,rust-spin-fuzzysearch-http
0.847177,rust-spin-fuzzysearch-http
0.847817,rust-spin-fuzzysearch-http
0.837569,rust-spin-fuzzysearch-http
0.873926,rust-spin-fuzzysearch-http
0.870181,rust-spin-fuzzysearch-http
0.834876,rust-spin-fuzzysearch-http
0.875681,rust-spin-fuzzysearch-http
0.857566,rust-spin-fuzzysearch-http
0.849905,rust-spin-fuzzysearch-http
0.859934,rust-spin-fuzzysearch-http
0.896130,rust-spin-fuzzysearch-http
0.841736,rust-spin-fuzzysearch-http
0.825817,rust-spin-fuzzysearch-http
0.859927,rust-spin-fuzzysearch-http
0.860487,rust-spin-fuzzysearch-http
0.820745,rust-spin-fuzzysearch-http
0.877875,rust-spin-fuzzysearch-http
0.829684,rust-spin-fuzzysearch-http
0.900483,rust-spin-fuzzysearch-http
0.824294,rust-spin-fuzzysearch-http
0.891640,rust-spin-fuzzysearch-http
0.893049,rust-spin-fuzzysearch-http
0.876975,rust-spin-fuzzysearch-http
0.858434,rust-spin-fuzzysearch-http
0.826539,rust-spin-fuzzysearch-http
0.872894,rust-spin-fuzzysearch-http
0.870275,rust-spin-fuzzysearch-http
0.808204,rust-spin-fuzzysearch-http
0.826654,rust-spin-fuzzysearch-http
0.892263,rust-spin-fuzzysearch-http
0.849426,rust-spin-fuzzysearch-http
0.888765,rust-spin-fuzzysearch-http
0.847036,rust-spin-fuzzysearch-http
0.870331,rust-spin-fuzzysearch-http
0.815096,rust-spin-fuzzysearch-http
0.933555,rust-spin-fuzzysearch-http
0.856167,rust-spin-fuzzysearch-http
0.854747,rust-spin-fuzzysearch-http
0.821159,rust-spin-fuzzysearch-http
0.873358,rust-spin-fuzzysearch-http
0.828209,rust-spin-fuzzysearch-http
0.861768,rust-spin-fuzzysearch-http
0.820683,rust-spin-fuzzysearch-http
0.860634,rust-spin-fuzzysearch-http
0.584426,rust-wasmedge-whatlang
0.499591,rust-wasmedge-whatlang
0.531840,rust-wasmedge-whatlang
0.512487,rust-wasmedge-whatlang
0.571046,rust-wasmedge-whatlang
0.501122,rust-wasmedge-whatlang
0.518531,rust-wasmedge-whatlang
0.485429,rust-wasmedge-whatlang
0.483533,rust-wasmedge-whatlang
0.479355,rust-wasmedge-whatlang
0.480171,rust-wasmedge-whatlang
0.478911,rust-wasmedge-whatlang
0.498057,rust-wasmedge-whatlang
0.505141,rust-wasmedge-whatlang
0.485183,rust-wasmedge-whatlang
0.537778,rust-wasmedge-whatlang
0.506806,rust-wasmedge-whatlang
0.524225,rust-wasmedge-whatlang
0.495916,rust-wasmedge-whatlang
0.528721,rust-wasmedge-whatlang
0.504642,rust-wasmedge-whatlang
0.468629,rust-wasmedge-whatlang
0.496416,rust-wasmedge-whatlang
0.508281,rust-wasmedge-whatlang
0.504033,rust-wasmedge-whatlang
0.477448,rust-wasmedge-whatlang
0.494785,rust-wasmedge-whatlang
0.506166,rust-wasmedge-whatlang
0.520387,rust-wasmedge-whatlang
0.528431,rust-wasmedge-whatlang
0.474006,rust-wasmedge-whatlang
0.495705,rust-wasmedge-whatlang
0.472091,rust-wasmedge-whatlang
0.476804,rust-wasmedge-whatlang
0.504991,rust-wasmedge-whatlang
0.485249,rust-wasmedge-whatlang
0.601057,rust-wasmedge-whatlang
0.574328,rust-wasmedge-whatlang
0.562642,rust-wasmedge-whatlang
0.519984,rust-wasmedge-whatlang
0.479039,rust-wasmedge-whatlang
0.504220,rust-wasmedge-whatlang
0.484966,rust-wasmedge-whatlang
0.551766,rust-wasmedge-whatlang
0.498266,rust-wasmedge-whatlang
0.512913,rust-wasmedge-whatlang
0.501637,rust-wasmedge-whatlang
0.581059,rust-wasmedge-whatlang
0.520078,rust-wasmedge-whatlang
0.483960,rust-wasmedge-whatlang
0.494015,rust-wasmedge-whatlang
0.564996,rust-wasmedge-whatlang
0.509219,rust-wasmedge-whatlang
0.493471,rust-wasmedge-whatlang
0.473780,rust-wasmedge-whatlang
0.489653,rust-wasmedge-whatlang
0.481807,rust-wasmedge-whatlang
0.484384,rust-wasmedge-whatlang
0.510096,rust-wasmedge-whatlang
0.484695,rust-wasmedge-whatlang
0.503505,rust-wasmedge-whatlang
0.486891,rust-wasmedge-whatlang
0.531076,rust-wasmedge-whatlang
0.467916,rust-wasmedge-whatlang
0.496732,rust-wasmedge-whatlang
0.520864,rust-wasmedge-whatlang
0.516847,rust-wasmedge-whatlang
0.542155,rust-wasmedge-whatlang
0.513052,rust-wasmedge-whatlang
0.479819,rust-wasmedge-whatlang
0.489556,rust-wasmedge-whatlang
0.527084,rust-wasmedge-whatlang
0.484439,rust-wasmedge-whatlang
0.466608,rust-wasmedge-whatlang
0.501467,rust-wasmedge-whatlang
0.468452,rust-wasmedge-whatlang
0.529933,rust-wasmedge-whatlang
0.556310,rust-wasmedge-whatlang
0.518015,rust-wasmedge-whatlang
0.577041,rust-wasmedge-whatlang
0.519053,rust-wasmedge-whatlang
0.516926,rust-wasmedge-whatlang
0.492587,rust-wasmedge-whatlang
0.484606,rust-wasmedge-whatlang
0.508072,rust-wasmedge-whatlang
0.479121,rust-wasmedge-whatlang
0.479531,rust-wasmedge-whatlang
0.471306,rust-wasmedge-whatlang
0.495051,rust-wasmedge-whatlang
0.512825,rust-wasmedge-whatlang
0.477601,rust-wasmedge-whatlang
0.511308,rust-wasmedge-whatlang
0.456005,rust-wasmedge-whatlang
0.534887,rust-wasmedge-whatlang
0.546780,rust-wasmedge-whatlang
0.481812,rust-wasmedge-whatlang
0.490099,rust-wasmedge-whatlang
0.493304,rust-wasmedge-whatlang
0.482332,rust-wasmedge-whatlang
0.492335,rust-wasmedge-whatlang
0.671307,rust-wasmedge-n-body-socket
0.492154,rust-wasmedge-n-body-socket
0.546803,rust-wasmedge-n-body-socket
0.476318,rust-wasmedge-n-body-socket
0.471323,rust-wasmedge-n-body-socket
0.502720,rust-wasmedge-n-body-socket
0.494602,rust-wasmedge-n-body-socket
0.496580,rust-wasmedge-n-body-socket
0.535242,rust-wasmedge-n-body-socket
0.476329,rust-wasmedge-n-body-socket
0.473698,rust-wasmedge-n-body-socket
0.479634,rust-wasmedge-n-body-socket
0.476783,rust-wasmedge-n-body-socket
0.455302,rust-wasmedge-n-body-socket
0.497225,rust-wasmedge-n-body-socket
0.477674,rust-wasmedge-n-body-socket
0.493997,rust-wasmedge-n-body-socket
0.490813,rust-wasmedge-n-body-socket
0.507641,rust-wasmedge-n-body-socket
0.513720,rust-wasmedge-n-body-socket
0.479238,rust-wasmedge-n-body-socket
0.495734,rust-wasmedge-n-body-socket
0.480399,rust-wasmedge-n-body-socket
0.498703,rust-wasmedge-n-body-socket
0.478198,rust-wasmedge-n-body-socket
0.526924,rust-wasmedge-n-body-socket
0.478075,rust-wasmedge-n-body-socket
0.491685,rust-wasmedge-n-body-socket
0.494107,rust-wasmedge-n-body-socket
0.479853,rust-wasmedge-n-body-socket
0.501660,rust-wasmedge-n-body-socket
0.492487,rust-wasmedge-n-body-socket
0.521085,rust-wasmedge-n-body-socket
0.486010,rust-wasmedge-n-body-socket
0.488254,rust-wasmedge-n-body-socket
0.488543,rust-wasmedge-n-body-socket
0.512394,rust-wasmedge-n-body-socket
0.477207,rust-wasmedge-n-body-socket
0.482902,rust-wasmedge-n-body-socket
0.497822,rust-wasmedge-n-body-socket
0.470358,rust-wasmedge-n-body-socket
0.492178,rust-wasmedge-n-body-socket
0.527190,rust-wasmedge-n-body-socket
0.487609,rust-wasmedge-n-body-socket
0.489445,rust-wasmedge-n-body-socket
0.504225,rust-wasmedge-n-body-socket
0.471408,rust-wasmedge-n-body-socket
0.552782,rust-wasmedge-n-body-socket
0.457823,rust-wasmedge-n-body-socket
0.497525,rust-wasmedge-n-body-socket
0.489983,rust-wasmedge-n-body-socket
0.485321,rust-wasmedge-n-body-socket
0.489052,rust-wasmedge-n-body-socket
0.494162,rust-wasmedge-n-body-socket
0.476696,rust-wasmedge-n-body-socket
0.494533,rust-wasmedge-n-body-socket
0.490409,rust-wasmedge-n-body-socket
0.494900,rust-wasmedge-n-body-socket
0.482584,rust-wasmedge-n-body-socket
0.481854,rust-wasmedge-n-body-socket
0.499857,rust-wasmedge-n-body-socket
0.492882,rust-wasmedge-n-body-socket
0.497153,rust-wasmedge-n-body-socket
0.519415,rust-wasmedge-n-body-socket
0.482607,rust-wasmedge-n-body-socket
0.493543,rust-wasmedge-n-body-socket
0.477658,rust-wasmedge-n-body-socket
0.495338,rust-wasmedge-n-body-socket
0.504050,rust-wasmedge-n-body-socket
0.493048,rust-wasmedge-n-body-socket
0.476167,rust-wasmedge-n-body-socket
0.487068,rust-wasmedge-n-body-socket
0.461378,rust-wasmedge-n-body-socket
0.478397,rust-wasmedge-n-body-socket
0.478634,rust-wasmedge-n-body-socket
0.493388,rust-wasmedge-n-body-socket
0.519379,rust-wasmedge-n-body-socket
0.480325,rust-wasmedge-n-body-socket
0.479613,rust-wasmedge-n-body-socket
0.483037,rust-wasmedge-n-body-socket
0.502001,rust-wasmedge-n-body-socket
0.497572,rust-wasmedge-n-body-socket
0.483750,rust-wasmedge-n-body-socket
0.478477,rust-wasmedge-n-body-socket
0.489444,rust-wasmedge-n-body-socket
0.506165,rust-wasmedge-n-body-socket
0.485977,rust-wasmedge-n-body-socket
0.477538,rust-wasmedge-n-body-socket
0.481047,rust-wasmedge-n-body-socket
0.494357,rust-wasmedge-n-body-socket
0.500200,rust-wasmedge-n-body-socket
0.474311,rust-wasmedge-n-body-socket
0.494275,rust-wasmedge-n-body-socket
0.491745,rust-wasmedge-n-body-socket
0.485330,rust-wasmedge-n-body-socket
0.479528,rust-wasmedge-n-body-socket
0.480953,rust-wasmedge-n-body-socket
0.496486,rust-wasmedge-n-body-socket
0.513078,rust-wasmedge-n-body-socket
0.489382,rust-wasmedge-n-body-socket
0.484448,rust-wasmedge-fuzzysearch-http-socket
0.488055,rust-wasmedge-fuzzysearch-http-socket
0.489891,rust-wasmedge-fuzzysearch-http-socket
0.499298,rust-wasmedge-fuzzysearch-http-socket
0.479231,rust-wasmedge-fuzzysearch-http-socket
0.475379,rust-wasmedge-fuzzysearch-http-socket
0.495093,rust-wasmedge-fuzzysearch-http-socket
0.488372,rust-wasmedge-fuzzysearch-http-socket
0.469131,rust-wasmedge-fuzzysearch-http-socket
0.469275,rust-wasmedge-fuzzysearch-http-socket
0.499578,rust-wasmedge-fuzzysearch-http-socket
0.470684,rust-wasmedge-fuzzysearch-http-socket
0.490422,rust-wasmedge-fuzzysearch-http-socket
0.476022,rust-wasmedge-fuzzysearch-http-socket
0.492111,rust-wasmedge-fuzzysearch-http-socket
0.446354,rust-wasmedge-fuzzysearch-http-socket
0.496832,rust-wasmedge-fuzzysearch-http-socket
0.476932,rust-wasmedge-fuzzysearch-http-socket
0.469257,rust-wasmedge-fuzzysearch-http-socket
0.469914,rust-wasmedge-fuzzysearch-http-socket
0.508424,rust-wasmedge-fuzzysearch-http-socket
0.489526,rust-wasmedge-fuzzysearch-http-socket
0.511396,rust-wasmedge-fuzzysearch-http-socket
0.478204,rust-wasmedge-fuzzysearch-http-socket
0.486250,rust-wasmedge-fuzzysearch-http-socket
0.487605,rust-wasmedge-fuzzysearch-http-socket
0.488700,rust-wasmedge-fuzzysearch-http-socket
0.478160,rust-wasmedge-fuzzysearch-http-socket
0.469182,rust-wasmedge-fuzzysearch-http-socket
0.481377,rust-wasmedge-fuzzysearch-http-socket
0.489620,rust-wasmedge-fuzzysearch-http-socket
0.488002,rust-wasmedge-fuzzysearch-http-socket
0.488203,rust-wasmedge-fuzzysearch-http-socket
0.464822,rust-wasmedge-fuzzysearch-http-socket
0.497986,rust-wasmedge-fuzzysearch-http-socket
0.468372,rust-wasmedge-fuzzysearch-http-socket
0.474920,rust-wasmedge-fuzzysearch-http-socket
0.493554,rust-wasmedge-fuzzysearch-http-socket
0.488442,rust-wasmedge-fuzzysearch-http-socket
0.478724,rust-wasmedge-fuzzysearch-http-socket
0.476296,rust-wasmedge-fuzzysearch-http-socket
0.508890,rust-wasmedge-fuzzysearch-http-socket
0.505766,rust-wasmedge-fuzzysearch-http-socket
0.484258,rust-wasmedge-fuzzysearch-http-socket
0.490048,rust-wasmedge-fuzzysearch-http-socket
0.496172,rust-wasmedge-fuzzysearch-http-socket
0.489676,rust-wasmedge-fuzzysearch-http-socket
0.465602,rust-wasmedge-fuzzysearch-http-socket
0.488908,rust-wasmedge-fuzzysearch-http-socket
0.521817,rust-wasmedge-fuzzysearch-http-socket
0.502673,rust-wasmedge-fuzzysearch-http-socket
0.497731,rust-wasmedge-fuzzysearch-http-socket
0.500006,rust-wasmedge-fuzzysearch-http-socket
0.494035,rust-wasmedge-fuzzysearch-http-socket
0.485271,rust-wasmedge-fuzzysearch-http-socket
0.464129,rust-wasmedge-fuzzysearch-http-socket
0.481044,rust-wasmedge-fuzzysearch-http-socket
0.485179,rust-wasmedge-fuzzysearch-http-socket
0.488016,rust-wasmedge-fuzzysearch-http-socket
0.476077,rust-wasmedge-fuzzysearch-http-socket
0.474409,rust-wasmedge-fuzzysearch-http-socket
0.488707,rust-wasmedge-fuzzysearch-http-socket
0.504259,rust-wasmedge-fuzzysearch-http-socket
0.487514,rust-wasmedge-fuzzysearch-http-socket
0.480361,rust-wasmedge-fuzzysearch-http-socket
0.491795,rust-wasmedge-fuzzysearch-http-socket
0.489207,rust-wasmedge-fuzzysearch-http-socket
0.496216,rust-wasmedge-fuzzysearch-http-socket
0.488668,rust-wasmedge-fuzzysearch-http-socket
0.493041,rust-wasmedge-fuzzysearch-http-socket
0.476469,rust-wasmedge-fuzzysearch-http-socket
0.520749,rust-wasmedge-fuzzysearch-http-socket
0.497295,rust-wasmedge-fuzzysearch-http-socket
0.466463,rust-wasmedge-fuzzysearch-http-socket
0.492638,rust-wasmedge-fuzzysearch-http-socket
0.483996,rust-wasmedge-fuzzysearch-http-socket
0.492577,rust-wasmedge-fuzzysearch-http-socket
0.497260,rust-wasmedge-fuzzysearch-http-socket
0.483538,rust-wasmedge-fuzzysearch-http-socket
0.517579,rust-wasmedge-fuzzysearch-http-socket
0.493236,rust-wasmedge-fuzzysearch-http-socket
0.499660,rust-wasmedge-fuzzysearch-http-socket
0.492687,rust-wasmedge-fuzzysearch-http-socket
0.496790,rust-wasmedge-fuzzysearch-http-socket
0.473245,rust-wasmedge-fuzzysearch-http-socket
0.516559,rust-wasmedge-fuzzysearch-http-socket
0.481250,rust-wasmedge-fuzzysearch-http-socket
0.485672,rust-wasmedge-fuzzysearch-http-socket
0.501787,rust-wasmedge-fuzzysearch-http-socket
0.488084,rust-wasmedge-fuzzysearch-http-socket
0.500953,rust-wasmedge-fuzzysearch-http-socket
0.481350,rust-wasmedge-fuzzysearch-http-socket
0.503383,rust-wasmedge-fuzzysearch-http-socket
0.485583,rust-wasmedge-fuzzysearch-http-socket
0.478858,rust-wasmedge-fuzzysearch-http-socket
0.474345,rust-wasmedge-fuzzysearch-http-socket
0.456293,rust-wasmedge-fuzzysearch-http-socket
0.505731,rust-wasmedge-fuzzysearch-http-socket
0.471554,rust-wasmedge-fuzzysearch-http-socket
0.472896,rust-wasmedge-fuzzysearch-http-socket
0.569989,rust-wasmedge-prime-numbers-socket
0.472577,rust-wasmedge-prime-numbers-socket
0.485138,rust-wasmedge-prime-numbers-socket
0.483374,rust-wasmedge-prime-numbers-socket
0.489184,rust-wasmedge-prime-numbers-socket
0.510538,rust-wasmedge-prime-numbers-socket
0.483979,rust-wasmedge-prime-numbers-socket
0.483547,rust-wasmedge-prime-numbers-socket
0.538140,rust-wasmedge-prime-numbers-socket
0.482365,rust-wasmedge-prime-numbers-socket
0.488845,rust-wasmedge-prime-numbers-socket
0.503280,rust-wasmedge-prime-numbers-socket
0.491615,rust-wasmedge-prime-numbers-socket
0.481299,rust-wasmedge-prime-numbers-socket
0.574976,rust-wasmedge-prime-numbers-socket
0.479055,rust-wasmedge-prime-numbers-socket
0.485440,rust-wasmedge-prime-numbers-socket
0.482706,rust-wasmedge-prime-numbers-socket
0.512168,rust-wasmedge-prime-numbers-socket
0.486784,rust-wasmedge-prime-numbers-socket
0.497073,rust-wasmedge-prime-numbers-socket
0.491742,rust-wasmedge-prime-numbers-socket
0.482236,rust-wasmedge-prime-numbers-socket
0.474869,rust-wasmedge-prime-numbers-socket
0.482455,rust-wasmedge-prime-numbers-socket
0.496103,rust-wasmedge-prime-numbers-socket
0.488463,rust-wasmedge-prime-numbers-socket
0.505355,rust-wasmedge-prime-numbers-socket
0.512971,rust-wasmedge-prime-numbers-socket
0.499753,rust-wasmedge-prime-numbers-socket
0.498759,rust-wasmedge-prime-numbers-socket
0.475451,rust-wasmedge-prime-numbers-socket
0.491395,rust-wasmedge-prime-numbers-socket
0.472891,rust-wasmedge-prime-numbers-socket
0.459951,rust-wasmedge-prime-numbers-socket
0.485446,rust-wasmedge-prime-numbers-socket
0.510592,rust-wasmedge-prime-numbers-socket
0.490330,rust-wasmedge-prime-numbers-socket
0.498006,rust-wasmedge-prime-numbers-socket
0.490844,rust-wasmedge-prime-numbers-socket
0.461081,rust-wasmedge-prime-numbers-socket
0.555600,rust-wasmedge-prime-numbers-socket
0.491863,rust-wasmedge-prime-numbers-socket
0.485435,rust-wasmedge-prime-numbers-socket
0.484561,rust-wasmedge-prime-numbers-socket
0.499546,rust-wasmedge-prime-numbers-socket
0.463871,rust-wasmedge-prime-numbers-socket
0.464536,rust-wasmedge-prime-numbers-socket
0.476838,rust-wasmedge-prime-numbers-socket
0.492988,rust-wasmedge-prime-numbers-socket
0.514997,rust-wasmedge-prime-numbers-socket
0.497643,rust-wasmedge-prime-numbers-socket
0.486440,rust-wasmedge-prime-numbers-socket
0.481067,rust-wasmedge-prime-numbers-socket
0.495440,rust-wasmedge-prime-numbers-socket
0.475874,rust-wasmedge-prime-numbers-socket
0.475819,rust-wasmedge-prime-numbers-socket
0.478151,rust-wasmedge-prime-numbers-socket
0.502798,rust-wasmedge-prime-numbers-socket
0.477261,rust-wasmedge-prime-numbers-socket
0.496107,rust-wasmedge-prime-numbers-socket
0.485624,rust-wasmedge-prime-numbers-socket
0.489957,rust-wasmedge-prime-numbers-socket
0.478675,rust-wasmedge-prime-numbers-socket
0.486550,rust-wasmedge-prime-numbers-socket
0.479824,rust-wasmedge-prime-numbers-socket
0.510783,rust-wasmedge-prime-numbers-socket
0.485327,rust-wasmedge-prime-numbers-socket
0.486926,rust-wasmedge-prime-numbers-socket
0.493014,rust-wasmedge-prime-numbers-socket
0.495382,rust-wasmedge-prime-numbers-socket
0.487944,rust-wasmedge-prime-numbers-socket
0.479550,rust-wasmedge-prime-numbers-socket
0.502238,rust-wasmedge-prime-numbers-socket
0.484667,rust-wasmedge-prime-numbers-socket
0.483560,rust-wasmedge-prime-numbers-socket
0.476494,rust-wasmedge-prime-numbers-socket
0.475652,rust-wasmedge-prime-numbers-socket
0.481852,rust-wasmedge-prime-numbers-socket
0.471731,rust-wasmedge-prime-numbers-socket
0.487379,rust-wasmedge-prime-numbers-socket
0.500314,rust-wasmedge-prime-numbers-socket
0.522532,rust-wasmedge-prime-numbers-socket
0.505237,rust-wasmedge-prime-numbers-socket
0.471612,rust-wasmedge-prime-numbers-socket
0.472691,rust-wasmedge-prime-numbers-socket
0.494309,rust-wasmedge-prime-numbers-socket
0.485842,rust-wasmedge-prime-numbers-socket
0.474481,rust-wasmedge-prime-numbers-socket
0.491383,rust-wasmedge-prime-numbers-socket
0.465267,rust-wasmedge-prime-numbers-socket
0.477565,rust-wasmedge-prime-numbers-socket
0.480745,rust-wasmedge-prime-numbers-socket
0.485795,rust-wasmedge-prime-numbers-socket
0.484860,rust-wasmedge-prime-numbers-socket
0.510588,rust-wasmedge-prime-numbers-socket
0.493107,rust-wasmedge-prime-numbers-socket
0.483097,rust-wasmedge-prime-numbers-socket
0.488034,rust-wasmedge-prime-numbers-socket
0.478631,rust-wasmedge-prime-numbers-socket
0.492373,rust-wasmedge-n-body
0.471754,rust-wasmedge-n-body
0.499340,rust-wasmedge-n-body
0.486272,rust-wasmedge-n-body
0.490504,rust-wasmedge-n-body
0.519403,rust-wasmedge-n-body
0.485372,rust-wasmedge-n-body
0.488949,rust-wasmedge-n-body
0.461166,rust-wasmedge-n-body
0.500417,rust-wasmedge-n-body
0.484933,rust-wasmedge-n-body
0.462738,rust-wasmedge-n-body
0.478211,rust-wasmedge-n-body
0.517488,rust-wasmedge-n-body
0.492765,rust-wasmedge-n-body
0.488802,rust-wasmedge-n-body
0.507081,rust-wasmedge-n-body
0.494908,rust-wasmedge-n-body
0.505960,rust-wasmedge-n-body
0.489914,rust-wasmedge-n-body
0.508775,rust-wasmedge-n-body
0.491974,rust-wasmedge-n-body
0.536996,rust-wasmedge-n-body
0.490968,rust-wasmedge-n-body
0.491943,rust-wasmedge-n-body
0.518587,rust-wasmedge-n-body
0.483976,rust-wasmedge-n-body
0.480956,rust-wasmedge-n-body
0.476819,rust-wasmedge-n-body
0.496444,rust-wasmedge-n-body
0.506102,rust-wasmedge-n-body
0.493534,rust-wasmedge-n-body
0.485370,rust-wasmedge-n-body
0.471551,rust-wasmedge-n-body
0.480850,rust-wasmedge-n-body
0.477095,rust-wasmedge-n-body
0.550658,rust-wasmedge-n-body
0.514524,rust-wasmedge-n-body
0.516496,rust-wasmedge-n-body
0.487744,rust-wasmedge-n-body
0.495585,rust-wasmedge-n-body
0.506245,rust-wasmedge-n-body
0.506498,rust-wasmedge-n-body
0.482698,rust-wasmedge-n-body
0.486014,rust-wasmedge-n-body
0.499379,rust-wasmedge-n-body
0.474940,rust-wasmedge-n-body
0.510441,rust-wasmedge-n-body
0.520489,rust-wasmedge-n-body
0.507831,rust-wasmedge-n-body
0.474999,rust-wasmedge-n-body
0.497572,rust-wasmedge-n-body
0.474884,rust-wasmedge-n-body
0.495195,rust-wasmedge-n-body
0.469107,rust-wasmedge-n-body
0.491149,rust-wasmedge-n-body
0.474442,rust-wasmedge-n-body
0.478246,rust-wasmedge-n-body
0.474494,rust-wasmedge-n-body
0.507239,rust-wasmedge-n-body
0.488612,rust-wasmedge-n-body
0.478328,rust-wasmedge-n-body
0.481821,rust-wasmedge-n-body
0.493549,rust-wasmedge-n-body
0.501251,rust-wasmedge-n-body
0.508822,rust-wasmedge-n-body
0.475625,rust-wasmedge-n-body
0.515502,rust-wasmedge-n-body
0.464678,rust-wasmedge-n-body
0.470342,rust-wasmedge-n-body
0.501391,rust-wasmedge-n-body
0.522492,rust-wasmedge-n-body
0.450096,rust-wasmedge-n-body
0.463843,rust-wasmedge-n-body
0.483069,rust-wasmedge-n-body
0.463874,rust-wasmedge-n-body
0.503781,rust-wasmedge-n-body
0.487967,rust-wasmedge-n-body
0.496116,rust-wasmedge-n-body
0.467040,rust-wasmedge-n-body
0.490178,rust-wasmedge-n-body
0.483737,rust-wasmedge-n-body
0.483587,rust-wasmedge-n-body
0.458898,rust-wasmedge-n-body
0.478933,rust-wasmedge-n-body
0.479560,rust-wasmedge-n-body
0.488997,rust-wasmedge-n-body
0.464310,rust-wasmedge-n-body
0.509606,rust-wasmedge-n-body
0.487492,rust-wasmedge-n-body
0.483130,rust-wasmedge-n-body
0.485742,rust-wasmedge-n-body
0.536932,rust-wasmedge-n-body
0.520590,rust-wasmedge-n-body
0.492178,rust-wasmedge-n-body
0.496844,rust-wasmedge-n-body
0.472484,rust-wasmedge-n-body
0.491729,rust-wasmedge-n-body
0.510952,rust-wasmedge-n-body
0.505034,rust-wasmedge-n-body
0.509080,rust-wasmedge-aes
0.500714,rust-wasmedge-aes
0.509419,rust-wasmedge-aes
0.487061,rust-wasmedge-aes
0.501432,rust-wasmedge-aes
0.473487,rust-wasmedge-aes
0.482925,rust-wasmedge-aes
0.487738,rust-wasmedge-aes
0.473566,rust-wasmedge-aes
0.481197,rust-wasmedge-aes
0.498335,rust-wasmedge-aes
0.467098,rust-wasmedge-aes
0.474737,rust-wasmedge-aes
0.480979,rust-wasmedge-aes
0.469960,rust-wasmedge-aes
0.469805,rust-wasmedge-aes
0.484992,rust-wasmedge-aes
0.501558,rust-wasmedge-aes
0.468487,rust-wasmedge-aes
0.465132,rust-wasmedge-aes
0.483440,rust-wasmedge-aes
0.474633,rust-wasmedge-aes
0.478475,rust-wasmedge-aes
0.486665,rust-wasmedge-aes
0.506648,rust-wasmedge-aes
0.486857,rust-wasmedge-aes
0.495251,rust-wasmedge-aes
0.497345,rust-wasmedge-aes
0.488724,rust-wasmedge-aes
0.485465,rust-wasmedge-aes
0.499180,rust-wasmedge-aes
0.484885,rust-wasmedge-aes
0.479502,rust-wasmedge-aes
0.488013,rust-wasmedge-aes
0.471114,rust-wasmedge-aes
0.477949,rust-wasmedge-aes
0.485190,rust-wasmedge-aes
0.453779,rust-wasmedge-aes
0.488011,rust-wasmedge-aes
0.492152,rust-wasmedge-aes
0.485711,rust-wasmedge-aes
0.477778,rust-wasmedge-aes
0.488967,rust-wasmedge-aes
0.484538,rust-wasmedge-aes
0.482292,rust-wasmedge-aes
0.480171,rust-wasmedge-aes
0.471728,rust-wasmedge-aes
0.478504,rust-wasmedge-aes
0.464446,rust-wasmedge-aes
0.466784,rust-wasmedge-aes
0.473322,rust-wasmedge-aes
0.485331,rust-wasmedge-aes
0.482668,rust-wasmedge-aes
0.505453,rust-wasmedge-aes
0.471307,rust-wasmedge-aes
0.476739,rust-wasmedge-aes
0.508302,rust-wasmedge-aes
0.462269,rust-wasmedge-aes
0.494954,rust-wasmedge-aes
0.489692,rust-wasmedge-aes
0.465476,rust-wasmedge-aes
0.475743,rust-wasmedge-aes
0.470789,rust-wasmedge-aes
0.478668,rust-wasmedge-aes
0.483502,rust-wasmedge-aes
0.480263,rust-wasmedge-aes
0.470006,rust-wasmedge-aes
0.490258,rust-wasmedge-aes
0.480786,rust-wasmedge-aes
0.476597,rust-wasmedge-aes
0.484419,rust-wasmedge-aes
0.484368,rust-wasmedge-aes
0.466222,rust-wasmedge-aes
0.461528,rust-wasmedge-aes
0.455084,rust-wasmedge-aes
0.466634,rust-wasmedge-aes
0.561415,rust-wasmedge-aes
0.485888,rust-wasmedge-aes
0.495845,rust-wasmedge-aes
0.502539,rust-wasmedge-aes
0.479241,rust-wasmedge-aes
0.498363,rust-wasmedge-aes
0.481331,rust-wasmedge-aes
0.486370,rust-wasmedge-aes
0.463369,rust-wasmedge-aes
0.476880,rust-wasmedge-aes
0.500003,rust-wasmedge-aes
0.510125,rust-wasmedge-aes
0.479509,rust-wasmedge-aes
0.483049,rust-wasmedge-aes
0.483203,rust-wasmedge-aes
0.500284,rust-wasmedge-aes
0.469716,rust-wasmedge-aes
0.487547,rust-wasmedge-aes
0.476119,rust-wasmedge-aes
0.470474,rust-wasmedge-aes
0.476426,rust-wasmedge-aes
0.488033,rust-wasmedge-aes
0.481255,rust-wasmedge-aes
0.460762,rust-wasmedge-aes
0.477856,rust-wasmedge-audio-sine-wave
0.548745,rust-wasmedge-audio-sine-wave
0.507892,rust-wasmedge-audio-sine-wave
0.481040,rust-wasmedge-audio-sine-wave
0.479235,rust-wasmedge-audio-sine-wave
0.479695,rust-wasmedge-audio-sine-wave
0.493151,rust-wasmedge-audio-sine-wave
0.474572,rust-wasmedge-audio-sine-wave
0.485769,rust-wasmedge-audio-sine-wave
0.466578,rust-wasmedge-audio-sine-wave
0.488929,rust-wasmedge-audio-sine-wave
0.494550,rust-wasmedge-audio-sine-wave
0.473927,rust-wasmedge-audio-sine-wave
0.476861,rust-wasmedge-audio-sine-wave
0.508541,rust-wasmedge-audio-sine-wave
0.547318,rust-wasmedge-audio-sine-wave
0.480371,rust-wasmedge-audio-sine-wave
0.477710,rust-wasmedge-audio-sine-wave
0.510528,rust-wasmedge-audio-sine-wave
0.489897,rust-wasmedge-audio-sine-wave
0.481288,rust-wasmedge-audio-sine-wave
0.493223,rust-wasmedge-audio-sine-wave
0.473893,rust-wasmedge-audio-sine-wave
0.498313,rust-wasmedge-audio-sine-wave
0.510711,rust-wasmedge-audio-sine-wave
0.461392,rust-wasmedge-audio-sine-wave
0.487883,rust-wasmedge-audio-sine-wave
0.477119,rust-wasmedge-audio-sine-wave
0.490295,rust-wasmedge-audio-sine-wave
0.517142,rust-wasmedge-audio-sine-wave
0.509154,rust-wasmedge-audio-sine-wave
0.492874,rust-wasmedge-audio-sine-wave
0.478197,rust-wasmedge-audio-sine-wave
0.499953,rust-wasmedge-audio-sine-wave
0.479484,rust-wasmedge-audio-sine-wave
0.469931,rust-wasmedge-audio-sine-wave
0.477293,rust-wasmedge-audio-sine-wave
0.481122,rust-wasmedge-audio-sine-wave
0.488098,rust-wasmedge-audio-sine-wave
0.481436,rust-wasmedge-audio-sine-wave
0.456489,rust-wasmedge-audio-sine-wave
0.470595,rust-wasmedge-audio-sine-wave
0.493920,rust-wasmedge-audio-sine-wave
0.505232,rust-wasmedge-audio-sine-wave
0.495595,rust-wasmedge-audio-sine-wave
0.491190,rust-wasmedge-audio-sine-wave
0.484584,rust-wasmedge-audio-sine-wave
0.479784,rust-wasmedge-audio-sine-wave
0.483329,rust-wasmedge-audio-sine-wave
0.483604,rust-wasmedge-audio-sine-wave
0.502397,rust-wasmedge-audio-sine-wave
0.476622,rust-wasmedge-audio-sine-wave
0.453779,rust-wasmedge-audio-sine-wave
0.519308,rust-wasmedge-audio-sine-wave
0.480849,rust-wasmedge-audio-sine-wave
0.496838,rust-wasmedge-audio-sine-wave
0.473355,rust-wasmedge-audio-sine-wave
0.481851,rust-wasmedge-audio-sine-wave
0.496433,rust-wasmedge-audio-sine-wave
0.467614,rust-wasmedge-audio-sine-wave
0.477199,rust-wasmedge-audio-sine-wave
0.484989,rust-wasmedge-audio-sine-wave
0.471579,rust-wasmedge-audio-sine-wave
0.559717,rust-wasmedge-audio-sine-wave
0.476701,rust-wasmedge-audio-sine-wave
0.460012,rust-wasmedge-audio-sine-wave
0.482861,rust-wasmedge-audio-sine-wave
0.491316,rust-wasmedge-audio-sine-wave
0.458366,rust-wasmedge-audio-sine-wave
0.489489,rust-wasmedge-audio-sine-wave
0.595299,rust-wasmedge-audio-sine-wave
0.485422,rust-wasmedge-audio-sine-wave
0.485848,rust-wasmedge-audio-sine-wave
0.501812,rust-wasmedge-audio-sine-wave
0.506412,rust-wasmedge-audio-sine-wave
0.488586,rust-wasmedge-audio-sine-wave
0.459191,rust-wasmedge-audio-sine-wave
0.496180,rust-wasmedge-audio-sine-wave
0.478626,rust-wasmedge-audio-sine-wave
0.481808,rust-wasmedge-audio-sine-wave
0.479100,rust-wasmedge-audio-sine-wave
0.484447,rust-wasmedge-audio-sine-wave
0.485379,rust-wasmedge-audio-sine-wave
0.515883,rust-wasmedge-audio-sine-wave
0.468357,rust-wasmedge-audio-sine-wave
0.481655,rust-wasmedge-audio-sine-wave
0.549476,rust-wasmedge-audio-sine-wave
0.477556,rust-wasmedge-audio-sine-wave
0.480538,rust-wasmedge-audio-sine-wave
0.480026,rust-wasmedge-audio-sine-wave
0.478278,rust-wasmedge-audio-sine-wave
0.479584,rust-wasmedge-audio-sine-wave
0.517659,rust-wasmedge-audio-sine-wave
0.515942,rust-wasmedge-audio-sine-wave
0.495183,rust-wasmedge-audio-sine-wave
0.478497,rust-wasmedge-audio-sine-wave
0.461768,rust-wasmedge-audio-sine-wave
0.478680,rust-wasmedge-audio-sine-wave
0.475215,rust-wasmedge-audio-sine-wave
0.516154,rust-wasmedge-audio-sine-wave
0.582236,rust-wasmedge-whatlang-socket
0.486589,rust-wasmedge-whatlang-socket
0.482386,rust-wasmedge-whatlang-socket
0.508517,rust-wasmedge-whatlang-socket
0.496847,rust-wasmedge-whatlang-socket
0.487420,rust-wasmedge-whatlang-socket
0.497780,rust-wasmedge-whatlang-socket
0.480769,rust-wasmedge-whatlang-socket
0.464658,rust-wasmedge-whatlang-socket
0.503055,rust-wasmedge-whatlang-socket
0.494046,rust-wasmedge-whatlang-socket
0.483996,rust-wasmedge-whatlang-socket
0.477469,rust-wasmedge-whatlang-socket
0.499407,rust-wasmedge-whatlang-socket
0.485018,rust-wasmedge-whatlang-socket
0.487947,rust-wasmedge-whatlang-socket
0.488849,rust-wasmedge-whatlang-socket
0.480159,rust-wasmedge-whatlang-socket
0.473840,rust-wasmedge-whatlang-socket
0.526441,rust-wasmedge-whatlang-socket
0.452024,rust-wasmedge-whatlang-socket
0.485368,rust-wasmedge-whatlang-socket
0.476005,rust-wasmedge-whatlang-socket
0.477258,rust-wasmedge-whatlang-socket
0.478438,rust-wasmedge-whatlang-socket
0.485108,rust-wasmedge-whatlang-socket
0.495181,rust-wasmedge-whatlang-socket
0.494583,rust-wasmedge-whatlang-socket
0.482655,rust-wasmedge-whatlang-socket
0.487024,rust-wasmedge-whatlang-socket
0.475845,rust-wasmedge-whatlang-socket
0.494094,rust-wasmedge-whatlang-socket
0.475943,rust-wasmedge-whatlang-socket
0.477610,rust-wasmedge-whatlang-socket
0.472614,rust-wasmedge-whatlang-socket
0.468427,rust-wasmedge-whatlang-socket
0.458475,rust-wasmedge-whatlang-socket
0.492081,rust-wasmedge-whatlang-socket
0.491391,rust-wasmedge-whatlang-socket
0.478506,rust-wasmedge-whatlang-socket
0.505602,rust-wasmedge-whatlang-socket
0.491347,rust-wasmedge-whatlang-socket
0.485284,rust-wasmedge-whatlang-socket
0.531330,rust-wasmedge-whatlang-socket
0.510449,rust-wasmedge-whatlang-socket
0.467525,rust-wasmedge-whatlang-socket
0.469032,rust-wasmedge-whatlang-socket
0.479313,rust-wasmedge-whatlang-socket
0.501152,rust-wasmedge-whatlang-socket
0.471626,rust-wasmedge-whatlang-socket
0.502254,rust-wasmedge-whatlang-socket
0.522649,rust-wasmedge-whatlang-socket
0.479530,rust-wasmedge-whatlang-socket
0.470420,rust-wasmedge-whatlang-socket
0.481453,rust-wasmedge-whatlang-socket
0.467769,rust-wasmedge-whatlang-socket
0.499870,rust-wasmedge-whatlang-socket
0.492822,rust-wasmedge-whatlang-socket
0.486423,rust-wasmedge-whatlang-socket
0.484886,rust-wasmedge-whatlang-socket
0.471878,rust-wasmedge-whatlang-socket
0.487699,rust-wasmedge-whatlang-socket
0.479266,rust-wasmedge-whatlang-socket
0.486077,rust-wasmedge-whatlang-socket
0.476345,rust-wasmedge-whatlang-socket
0.482228,rust-wasmedge-whatlang-socket
0.457237,rust-wasmedge-whatlang-socket
0.475151,rust-wasmedge-whatlang-socket
0.482926,rust-wasmedge-whatlang-socket
0.494909,rust-wasmedge-whatlang-socket
0.486237,rust-wasmedge-whatlang-socket
0.513284,rust-wasmedge-whatlang-socket
0.478748,rust-wasmedge-whatlang-socket
0.462275,rust-wasmedge-whatlang-socket
0.486851,rust-wasmedge-whatlang-socket
0.500106,rust-wasmedge-whatlang-socket
0.466093,rust-wasmedge-whatlang-socket
0.497755,rust-wasmedge-whatlang-socket
0.478599,rust-wasmedge-whatlang-socket
0.487464,rust-wasmedge-whatlang-socket
0.498445,rust-wasmedge-whatlang-socket
0.487735,rust-wasmedge-whatlang-socket
0.470847,rust-wasmedge-whatlang-socket
0.496438,rust-wasmedge-whatlang-socket
0.477243,rust-wasmedge-whatlang-socket
0.472987,rust-wasmedge-whatlang-socket
0.468616,rust-wasmedge-whatlang-socket
0.487888,rust-wasmedge-whatlang-socket
0.497253,rust-wasmedge-whatlang-socket
0.451162,rust-wasmedge-whatlang-socket
0.473132,rust-wasmedge-whatlang-socket
0.483865,rust-wasmedge-whatlang-socket
0.491184,rust-wasmedge-whatlang-socket
0.487463,rust-wasmedge-whatlang-socket
0.486250,rust-wasmedge-whatlang-socket
0.467260,rust-wasmedge-whatlang-socket
0.488147,rust-wasmedge-whatlang-socket
0.476372,rust-wasmedge-whatlang-socket
0.479040,rust-wasmedge-whatlang-socket
0.479742,rust-wasmedge-whatlang-socket
0.978700,rust-spin-whatlang
0.854077,rust-spin-whatlang
0.863980,rust-spin-whatlang
0.869874,rust-spin-whatlang
0.882307,rust-spin-whatlang
0.838310,rust-spin-whatlang
0.872071,rust-spin-whatlang
0.885664,rust-spin-whatlang
0.926240,rust-spin-whatlang
0.866502,rust-spin-whatlang
0.881722,rust-spin-whatlang
0.809479,rust-spin-whatlang
0.863662,rust-spin-whatlang
0.873424,rust-spin-whatlang
0.872135,rust-spin-whatlang
0.837919,rust-spin-whatlang
0.859113,rust-spin-whatlang
0.830033,rust-spin-whatlang
0.874240,rust-spin-whatlang
0.850686,rust-spin-whatlang
0.872665,rust-spin-whatlang
0.821167,rust-spin-whatlang
0.879574,rust-spin-whatlang
0.885829,rust-spin-whatlang
0.830380,rust-spin-whatlang
0.856741,rust-spin-whatlang
0.839137,rust-spin-whatlang
0.848415,rust-spin-whatlang
0.838540,rust-spin-whatlang
0.875853,rust-spin-whatlang
0.860559,rust-spin-whatlang
0.850005,rust-spin-whatlang
0.861150,rust-spin-whatlang
0.831558,rust-spin-whatlang
0.854537,rust-spin-whatlang
0.856856,rust-spin-whatlang
0.829593,rust-spin-whatlang
0.850856,rust-spin-whatlang
0.860161,rust-spin-whatlang
0.857569,rust-spin-whatlang
0.866113,rust-spin-whatlang
0.914958,rust-spin-whatlang
0.834578,rust-spin-whatlang
0.861863,rust-spin-whatlang
0.857056,rust-spin-whatlang
0.820979,rust-spin-whatlang
0.830113,rust-spin-whatlang
0.878526,rust-spin-whatlang
0.878437,rust-spin-whatlang
0.840323,rust-spin-whatlang
0.840851,rust-spin-whatlang
0.848651,rust-spin-whatlang
0.866146,rust-spin-whatlang
0.870202,rust-spin-whatlang
0.857016,rust-spin-whatlang
0.866747,rust-spin-whatlang
0.870479,rust-spin-whatlang
0.879584,rust-spin-whatlang
0.847139,rust-spin-whatlang
0.856350,rust-spin-whatlang
0.867588,rust-spin-whatlang
0.889395,rust-spin-whatlang
0.859899,rust-spin-whatlang
0.826236,rust-spin-whatlang
0.885078,rust-spin-whatlang
0.864408,rust-spin-whatlang
0.863803,rust-spin-whatlang
0.870108,rust-spin-whatlang
0.843947,rust-spin-whatlang
0.829180,rust-spin-whatlang
0.846752,rust-spin-whatlang
0.908037,rust-spin-whatlang
0.822617,rust-spin-whatlang
0.867311,rust-spin-whatlang
0.858283,rust-spin-whatlang
0.831298,rust-spin-whatlang
0.844771,rust-spin-whatlang
0.868685,rust-spin-whatlang
0.842603,rust-spin-whatlang
0.837708,rust-spin-whatlang
0.852225,rust-spin-whatlang
0.846938,rust-spin-whatlang
0.887193,rust-spin-whatlang
0.850537,rust-spin-whatlang
0.853175,rust-spin-whatlang
0.858158,rust-spin-whatlang
0.928029,rust-spin-whatlang
0.844058,rust-spin-whatlang
0.832601,rust-spin-whatlang
0.858183,rust-spin-whatlang
0.858390,rust-spin-whatlang
0.844068,rust-spin-whatlang
0.884835,rust-spin-whatlang
0.859316,rust-spin-whatlang
0.848134,rust-spin-whatlang
0.829458,rust-spin-whatlang
0.888206,rust-spin-whatlang
0.868119,rust-spin-whatlang
0.898218,rust-spin-whatlang
0.858696,rust-spin-whatlang
0.611413,rust-wasmedge-user-manager
0.478303,rust-wasmedge-user-manager
0.514740,rust-wasmedge-user-manager
0.500359,rust-wasmedge-user-manager
0.480224,rust-wasmedge-user-manager
0.492725,rust-wasmedge-user-manager
0.481665,rust-wasmedge-user-manager
0.474172,rust-wasmedge-user-manager
0.492440,rust-wasmedge-user-manager
0.491623,rust-wasmedge-user-manager
0.485000,rust-wasmedge-user-manager
0.483907,rust-wasmedge-user-manager
0.509014,rust-wasmedge-user-manager
0.500875,rust-wasmedge-user-manager
0.493227,rust-wasmedge-user-manager
0.493651,rust-wasmedge-user-manager
0.506920,rust-wasmedge-user-manager
0.528537,rust-wasmedge-user-manager
0.550669,rust-wasmedge-user-manager
0.481909,rust-wasmedge-user-manager
0.485659,rust-wasmedge-user-manager
0.489200,rust-wasmedge-user-manager
0.485948,rust-wasmedge-user-manager
0.505506,rust-wasmedge-user-manager
0.495771,rust-wasmedge-user-manager
0.458188,rust-wasmedge-user-manager
0.485704,rust-wasmedge-user-manager
0.505252,rust-wasmedge-user-manager
0.484448,rust-wasmedge-user-manager
0.557203,rust-wasmedge-user-manager
0.504845,rust-wasmedge-user-manager
0.469047,rust-wasmedge-user-manager
0.485370,rust-wasmedge-user-manager
0.492300,rust-wasmedge-user-manager
0.469366,rust-wasmedge-user-manager
0.502661,rust-wasmedge-user-manager
0.472508,rust-wasmedge-user-manager
0.470396,rust-wasmedge-user-manager
0.493493,rust-wasmedge-user-manager
0.487268,rust-wasmedge-user-manager
0.566957,rust-wasmedge-user-manager
0.475257,rust-wasmedge-user-manager
0.511922,rust-wasmedge-user-manager
0.513574,rust-wasmedge-user-manager
0.540754,rust-wasmedge-user-manager
0.523848,rust-wasmedge-user-manager
0.492662,rust-wasmedge-user-manager
0.495403,rust-wasmedge-user-manager
0.520060,rust-wasmedge-user-manager
0.492300,rust-wasmedge-user-manager
0.480070,rust-wasmedge-user-manager
0.506860,rust-wasmedge-user-manager
0.497134,rust-wasmedge-user-manager
0.485665,rust-wasmedge-user-manager
0.483281,rust-wasmedge-user-manager
0.474792,rust-wasmedge-user-manager
0.491486,rust-wasmedge-user-manager
0.573663,rust-wasmedge-user-manager
0.497914,rust-wasmedge-user-manager
0.497243,rust-wasmedge-user-manager
0.486170,rust-wasmedge-user-manager
0.477817,rust-wasmedge-user-manager
0.508240,rust-wasmedge-user-manager
0.480918,rust-wasmedge-user-manager
0.483478,rust-wasmedge-user-manager
0.468156,rust-wasmedge-user-manager
0.485746,rust-wasmedge-user-manager
0.530324,rust-wasmedge-user-manager
0.494191,rust-wasmedge-user-manager
0.471150,rust-wasmedge-user-manager
0.482520,rust-wasmedge-user-manager
0.483121,rust-wasmedge-user-manager
0.491202,rust-wasmedge-user-manager
0.578115,rust-wasmedge-user-manager
0.494156,rust-wasmedge-user-manager
0.484198,rust-wasmedge-user-manager
0.465237,rust-wasmedge-user-manager
0.453149,rust-wasmedge-user-manager
0.471151,rust-wasmedge-user-manager
0.501544,rust-wasmedge-user-manager
0.466008,rust-wasmedge-user-manager
0.477112,rust-wasmedge-user-manager
0.520950,rust-wasmedge-user-manager
0.506526,rust-wasmedge-user-manager
0.504474,rust-wasmedge-user-manager
0.486369,rust-wasmedge-user-manager
0.472793,rust-wasmedge-user-manager
0.511418,rust-wasmedge-user-manager
0.495142,rust-wasmedge-user-manager
0.486419,rust-wasmedge-user-manager
0.489680,rust-wasmedge-user-manager
0.495331,rust-wasmedge-user-manager
0.532398,rust-wasmedge-user-manager
0.482680,rust-wasmedge-user-manager
0.474757,rust-wasmedge-user-manager
0.529111,rust-wasmedge-user-manager
0.501331,rust-wasmedge-user-manager
0.462739,rust-wasmedge-user-manager
0.497606,rust-wasmedge-user-manager
0.502360,rust-wasmedge-user-manager
